,file_path,transcription,topic,topic_probability,nouns,probabilities
0,./././Data/test_data/mid_presentation/ano\20240626\split_audio_1_1.wav,62時刻は3時になりました星野源さんお疲れ様でした2024年6月25日火曜日この時間はアナのオールナート日本ゼロをお送りしていきますはいアナです今夜のゲストこの方どうもソシナですお願いしますお疲れお疲れお疲れいやもう最初からオールです星野源さんお疲れ様でしたライブお疲れ様でしたソシナファーストツアー制裁と大義のアリア梅田クラブカートロのとこで僕がやってるバンドアイズとってことは大阪です大阪から2人で生放送でお届けしてもらうこの映像も見れるんですねこちらのライブですかそうやな数時間前に終わってちゃんと引き入るアイズと音楽のライブをやらせてもらいこのツアー初日初回やったんですけどお花をいただいたりしてスタンド花すごいよあのちゃんのデンデンデンパよりソシナ様みたいなあの猫のササキのキャラクターが花に刺さってるやつみたいなスポットファイトの人たちもまたもデンデンデンはかなソシナ&アノ様オールナイトニッポンは花花いるぞ今日でも現地に見に来てる方もいましたええそうなんや花は花ないねなかったオールナイトニッポンファミリーやねんからああそうですかいやいやそれは冗談なんですけどねえファーストツアーていうかもうほんとほぼほぼ初ライブみたいなことだよねだから大阪は初一回だけその10人限定のなんかそういうライブは一回やったけど声もこんなんで申し訳ないけど初めて見たライブ言葉にならないから歌ってんだなみたいな音楽が言葉皆さんここ熱いです言葉にならないから音楽ってあるんだなって思わされましたねソシアノはソシアノ?ソシアノはいやそういう需要じゃなくていやもう本当になんか今のバンドシーンに今のバンドシーンに無くてはならない存在が誕生してしまいましたねやっててどうだったん逆に自分でもちろん上手ではないしまだまだ至らんとこもあんねんけど緊張した顔やばかったほんまにお笑いのライブとかイベントはなんやろなこうだって漫才するってなっても出番前でなんか間違えてもまあなんとかなるし間違えたことをいじれるし笑いにできるしいや音楽結構めっちゃ練習したなほんまに一個前がM-1グランプリぐらいいや内容間違えたらあかんとかまあ間違えても別に大丈夫な音楽性かと思ってたけどいややっぱその自分の立場でさ芸人やってたやつが音楽のライブやるってなった時にある程度のクオリティには行かんとやっぱあかんやろほんまいや緊張してたけどでもあのEYESのライブをまあタイマーやからちょっと先に見さしてもらって俺袖から見ててんけどあのEYESはね2回ぐらい見たことあるんですけどライブえー1年前のなんか音楽フェス?東京バズフェスティバルみたいなやつでEYESやってた袖から見たのとジャパンジャムはあの客の後ろから見たけど今日一番よかったないやほんとお客さんもね優しくてというかほぼほぼすしののファンではあったと思うんだけどそれでもやっぱ知らない曲があるけど多分すっごい一緒にねノリノリでいやパフォーマンスよかったからやでそれそのお客さんがいいって言ってくれるけど曲もよかったしパフォーマンスがよかったから盛り上がってくれてなんか調子狂うな,78,0.2062856554985046,"['ライブ', '大阪', '現地', '初回', '出来', 'バチバチ', 'パンパン', '正面', 'トップクラス']","[0.704093, 0.08427073, 0.06013376, 0.050968938, 0.026251484, 0.019111967, 0.017016262, 0.016174255, 0.013177259]"
1,./././Data/test_data/mid_presentation/ano\20240626\split_audio_1_1.wav,なんかこんな真面目モードいやもうしゃあない3時やろええねんなんでもほんとに僕周りみんな泣いてたマジでみんな泣いてたねMCもよかったしMCからのね曲の繋ぎ方というかそこもみんな泣いてたねノンママジマジさっきがそれもすごいのがやっぱMCでなんかセクションがセクションなんかMCが何箇所かあんだけど全部笑いとってくからなんかさっきまで笑ってたのに今泣いてるみたいな光景がめっちゃよかったけどいや悩んでんねんなそのMCでいや笑わせなくてもいいぐらいの音楽のライブのクオリティだったから贅沢って思ってこんな良いライブできていや漫談の出来は良くなかったでほんでまあ言ったらなんか本気じゃないっていうかめっちゃお笑いのステージじゃないじゃんそこはいや結構でも一群ぐらいなでもすっごいあのそこの強弱っていうか何だろうそのアーティストにできないことやったよなってめっちゃ思ったあのあれやで毎回そのソロソロの時結構ね私は毎回あのちゃんの曲泣いてしまうよ特にあの涙君とかあと譜編とかもまあええわないやあの永遠衝動あれ良すぎるしまああと俺はかねてから言ってるけどムルムルも好きやしハッピーエンドロール,89,0.3525895178318023,"['歌詞', 'MC', '残り', '本人', '芸能人', 'ソロ', '恒例', '音楽番組']","[0.32856312, 0.21588796, 0.1813563, 0.08541824, 0.06318783, 0.04913883, 0.048738014, 0.013858581]"
2,./././Data/test_data/mid_presentation/ano\20240626\split_audio_1_1.wav,ハッピーエンドロールのいやオートだからオートオートかいハッピーエンドロールのあの何歌詞ねえ何ですか猫が何でしょうなんかあのシーメロっていうのかななんか最後サビに入る前のところのメロディーの歌詞が結構なんか今までの人生の中でいろんなこと起こったこととかそれを消化できないこととかを詰め込んでてまあなんか僕が君が僕のものじゃなくなった時とかそういう歌詞がバーって詰め込まれて最後あのエンドロール伏線回収大量発生最終回エンドロールには君の名前を刻もうってサビが入るんだけどその中の間になんか歌っててああこれすしなちゃんって思ってあのお父さんがあの時死んだ時ってちょっとエモエモすぎないいやもう僕もそれを考えてなくてもうなんか歌いながらなんか歌ってたら顔が浮かんだえ俺の父ちゃんのあ知らんか俺の父ちゃんなんか失ったり守ったりしてきた人なんだろうなって思って凸さに入ったやん凸さだからもうちょっとね先に考えたときは元できたかもね凸さだったからそれしか入れてないけど凸さがよかったよ凸さがゆえのシャウトやったやろだって叫び口調で言ってたもんないやあれはちょっとよかったしなんかそうやな曲とかライブとかライブが良くてやっぱなんか出るなあナミダライブ中めっちゃあののライブ見ててもそうやしであとやっぱなんか本格的やなって改めて思ったな音楽がでほんま爆笑したけどあの何リハ終わりちょっとだけそのあのちゃんの足元見に行ってこんななんかギターのエフェクターがいっぱい並んでてまあ何やろブルースドライバーボスのなんか定番のロックの定番みたいなやつあってで隣にイコライザーなんかこうやるやつその横にビッグマフビッグマフビッグマフ一撃ビッグマフファズ系やでディストーションとかオーバードライブいろいろあるけどファズやからなビッグマフって本当に超歪むやつねビッグマフもブワーンってなってハッピー&ロールのそこもビッグマフ踏んであーそうビッグマフ踏んでくれたであの君の名前を刻むのとこだけキーってやって君の名前を刻むなんか機材も詳しくないから僕はエフェクターとかいやビッグマフ使う人なの?あはははだって俺も今回ライブする時に導入を検討したのビッグマフあの全く同じやつや正方形ぐらいのでかいやつ,66,0.3795502185821533,"['リハ', '定番', '足元', '右手', 'ビッグ']","[0.60646755, 0.14053915, 0.08830493, 0.076183245, 0.029444568]"
3,./././Data/test_data/mid_presentation/ano\20240626\split_audio_1_1.wav,お弁当箱みたいなやつなていうかちょっとちゃうかなってなっていやーそうそうちょっとノイズっぽいとかなんかはっきりしない音でもあるからしかもまあゆうた2本目のギターやもんな名前中山さんのメインというかビートとこうバッキング的なビッグマフ本格的やったいやライブもめっちゃ良かったよいやもうエフェクターで言うとメッチャ買ったんじゃね?メッチャ買った何合わいうこと?いやほんま10個ぐらい買ったよオクターバーだけまあそのマーシャルだけででもすごいギターの音暑いとかじゃなくてコード端折ってリード2指スタンバイとかしてたよ正直まだ2回目とかですごいバンド生まれたビームもカバーしてくれてバイバイビームが打てたらいいのに低いミスったミスってないキー上げればよかった原曲リスペクトみたいなんでビームよかったな曲がいいのなんか本当曲が良すぎてもう全部何曲やった今日ライブで今日は8曲ぐらいかなこのさ全部いいのアルバムありがとうございます今日ライブでやったギャグもほんと全部良くてもう僕ずっとフロアで見てたよなんか見たそのファンのツイートで隣アノちゃんやったのめっちゃなんか歌詞も完璧に歌えててアクチルダウンだったそうそうそのビームもめっちゃ練習してきてくれたんやろなーみたいなうるせぇよ練習せぇよそんなんいいね嘘なし今日嘘なし嘘なし今日はもうそういう感じにしようや嘘ばっかついてるからねいやビームはよかった叫んでたとこもよかったしなに一人で歌うのむずすぎるからそうやなそうやなここはもうあの節で言ってくれた感動したなまさか俺があのーなにそのビームが打てたらいいのにってボカロ曲を作った時あのちゃんにバンドで歌ってもらえるなんてってあの曲は今回バンドで出すほんまですかMCも熱かったな僕はもうMCはいいよいやMCなんかどえらいこと言ってたやんゆめきええねんまずそのなんかさん付けがねえエモいの嘘つけそしなさんってなんか言うてメンバーの人に言ってもらえないのかよ前田さんに初めて聞いたよみたいなさん付けのリスペクトすごいねみたいな言われてたやんやっぱそれリスペクトですかそしなさんはあの本当になんかチートとか使えるのに使ってないのがすごいみたいな言ってくれてたよ川谷絵音とかなんかチート使えるのに使わないのがすごいって言ってなんか川谷絵音さんとかまあだけじゃねえもちろんいろんなえその川谷絵音まず川谷絵音のことが嫌いってこと?川谷絵音さんとかいろんなあのすごい人たちとできるぐらい売れてるてかすごいじゃんそしなさんがで川谷絵音さんもすごい人だからそうやってタッグとか組みがちじゃないですか僕がそしなだったらそういう風にやっちゃうかもなみたいなやってもいいって言い方だってやる方がええやろやる方がいいんだけどそこを忙しいのに全部作詞作曲自分でやってんのとかは本当にすごいと思う本当にもうストレートに思ったからやっただけでタイないからねでさお笑いとかもちゃんとショーとか全部立てるしいろんなお仕事してる中で手抜くことなく音楽もやってんのはすごいですよって話お疲れ何がお疲れお疲れこれ毎回ごめんそのどんぐらい喋ってんの最初はい今週も始めていくぜアナのオールナイトニッポンゼロはい生放送ですので番組ではラジオ聴いている方からもメールで参加してもらいたいと思いますリアクション・感想メールお待ちしていますはい生放送ですので番組ではラジオ聴いている方からもメールお待ちしていますリアクション・感想メールお待ちしています受け付きメールアドレスアナ&アナア eエックス&アナeさてこの番組はライブ配信アプリのいちなんだでも日本ホース関西支社のスタジオというか会議室のライブ映像とともに同時生配信でお届けしています同時生配信でお届けしています配信でお届けしています177アプリをダウンロードしてオールナイトニッポンゼロのアカウント誰のアカウントに見れるのか無料で見れることができますオールナイトニッポンゼロなんか変な汗かいてくるベールを剥がしていく謎に包まれてるベールをガチムチでじゃあお願いなんでガチムチでガチムチガチムチで行きましょう音楽でねここで一曲初心者で,57,0.1443373709917068,"['生放送', '生配信', '感想', 'リアクション', 'ライブ映像', 'ライブ配信', 'つけ', '届け']","[0.3752571, 0.20497559, 0.13874245, 0.091012135, 0.06315721, 0.05318238, 0.036955364, 0.023897793]"
4,./././Data/test_data/mid_presentation/ano\20240626\split_audio_1_3.wav,サイトを今すぐチェックアナのオールナイト日本ゼロアナちゃんアナですゲスト引き続きソシナさんですラジオネームコールマンさん今日ソシアナチュウ大歓喜ネット大爆発のラジオじゃないのクイックジャパンの対談じゃんライブ後だからライブ後やから熱なってんねもっともっといっぱいいっぱいライブしてほしい,78,0.2354308813810348,"['ライブ', '大阪', '現地', '初回', '出来', 'バチバチ', 'パンパン', '正面', 'トップクラス']","[0.704093, 0.08427073, 0.06013376, 0.050968938, 0.026251484, 0.019111967, 0.017016262, 0.016174255, 0.013177259]"
5,./././Data/test_data/mid_presentation/ano\20240626\split_audio_1_3.wav,ああほんまフェスとかも出てほしいいやいやライブもしたいなただ最初はやっぱ舐められる絶対舐められの対象にはなる音楽界隈であったらそれはもう初心者ですからラジオネーム町田の不動産屋さん対話ツアー初日最高でした最前列のド真ん中で見させてもらって曲も歌詞も全部が全集に響きまくりでしたマジで二組ともクソほどかっこよかったですそちらの最高最前列の真ん中顔どうなんだろうね町田の不動産屋さん僕たち見えてたかな最前列の真ん中男の子じゃなかったなんか合図のタオルしてる人の横に粗品のタオルしてる二人がおったけどなだから町田の不動産屋最前列見れたらもういいなあいいね端っこのスタッフ席で見たすごくなんか動画あのちゃんが俺のライブを見てる様子を撮ってくれた動画マジでめっちゃバレたよめっちゃ頭振ってたしローガイよくにまみれたローガイよよくにまみれたローガイのとこ,86,0.1832045167684555,"['最高', 'グッズ', '動画', 'ねこ', 'タオル']","[0.4747778, 0.22956666, 0.11976399, 0.10751472, 0.055976108]"
6,./././Data/test_data/mid_presentation/ano\20240626\split_audio_1_3.wav,ギャーウワーあのほんまよかったななんかさほんま歌うまいよな歌うまくないよ俺はねあのちゃんの歌がうまいっての音程の当て方がなうそいやほんまライブライブを結構見てるけどあの生歌ライブ感も残しつつ音程も当てて3つのバランス結構むずいぞライブによりすぎて音程めちゃめちゃ音程バチバチ合ってるけどなんかライブ感ないないやその三角形えげつないよなんか歌姫とかもうマイク一本で勝負しますっていう人のタイプではないんやと思うけどライブライブ歌はかなりトップクラスにようパンパンって当ててくなソロの時とかもバチバチ音バチバチ合ってるしバンドの時はギューやもんなバンドはもう動きすぎてちょっとねいやそれ体力えぐないほんであなたいやわからん体力えぐい確かに4曲連続で歌ったりもしてるやろほんま体力えぐいな体力ほんとえぐい体力つけたほうがいいよ,78,0.4025035798549652,"['ライブ', '大阪', '現地', '初回', '出来', 'バチバチ', 'パンパン', '正面', 'トップクラス']","[0.704093, 0.08427073, 0.06013376, 0.050968938, 0.026251484, 0.019111967, 0.017016262, 0.016174255, 0.013177259]"
7,./././Data/test_data/mid_presentation/ano\20240626\split_audio_1_3.wav,ジムとか行ったほうがいいジム行ってんねん最近,43,0.517768919467926,"['いくら', 'アルバム', 'ロケ', '万円', 'ジム']","[0.684281, 0.13126335, 0.12665969, 0.022745622, 0.014727713]"
8,./././Data/test_data/mid_presentation/ano\20240626\split_audio_1_3.wav,パーソナルジムやけどこのためにライブのためにえーえらいらいらい,21,0.3430243730545044,"['とこ', '事前', '映像']","[0.83292216, 0.07520962, 0.070242554]"
9,./././Data/test_data/mid_presentation/ano\20240626\split_audio_1_3.wav,ロックロックロック1回1時間弱で3万円たかでも体力すごいなぁ体力は…そうねライブで体力追ったかもマシンガンピッキング,16,0.3810800015926361,"['言い方', '北海道', '疲れ', '同時', '体力']","[0.3915303, 0.37048832, 0.11643789, 0.054548815, 0.04051164]"
10,./././Data/test_data/mid_presentation/ano\20240626\split_audio_1_3.wav,技法グルルルルルルルルルルグルリリリリリー右手ウソないブヤーッてやつ俺 tahu すっごいこわそうすごくThe右手マシンガンピッキングめっちゃいいよビームもそれであったよやってた?サビやろトゥルルルルルルルほんでなんか1サビ終わりビームみたいなの出した?フェーみたいないやなんかあれビーム出た?みたいないやーあのピッキングもそうやしちゃんとギター弾けてるからな恥ずかしいアーティストじゃないんだよ僕とこねぇねんお前めちゃくちゃアーティストやないかお前何?何照れとんねんなんか調子来るあのーほんま一番アーティストやろお前がいやいやアーティストですよほんまになんやろまぁまぁでもこのラジオあのちゃんがアーティストだということはやっぱなテレビにも山ほど出てバラエティーも出てまぁ映画もですかドラマ声優もやってやっぱアーティストやでうん音楽家やなって今日思ったよ嬉しいでもライブはやっぱ楽しいな,69,0.2257453203201294,"['音楽', '映画', 'ドラマ', 'ジャム', '単独ライブ', 'お芝居']","[0.53273714, 0.25473332, 0.12845518, 0.03811496, 0.013451781, 0.012876006]"
11,./././Data/test_data/mid_presentation/ano\20240626\split_audio_1_3.wav,まぁせやろなやっぱライブ音楽も音楽って言うかね制作とかも楽しいですけどもちろんやっぱライブ楽しいねえライブかな仕事ではないけどでもライブはやっぱやばいなえライブやばいスイッチ入っちゃうそしなもんでもあのベースふりもとひかりさん浦野きしなみさんでさやっぱスリーピースやでベースの良さとか凄さを今日めっちゃ感じたもんあぁほんまいやぁまぁ音が少ないからなぁちょっとあのリズム隊の2人にはもうほんまにお世話になりっぱなしやけどいや音少ないって言いながらやっぱでもギターとかでさほんまえぇほんまえ凄かったよ音ほんまライブだなって思ったえぇライブやばってなって思った違うな印象あ音源とまぁまぁまぁそうやなライブやもんな,78,0.3844583034515381,"['ライブ', '大阪', '現地', '初回', '出来', 'バチバチ', 'パンパン', '正面', 'トップクラス']","[0.704093, 0.08427073, 0.06013376, 0.050968938, 0.026251484, 0.019111967, 0.017016262, 0.016174255, 0.013177259]"
12,./././Data/test_data/mid_presentation/ano\20240626\split_audio_1_3.wav,"クッケェな初はそう?いやいや3人でやってるからなスリーピース?スリーピースってスリーピースやでスリーピースはミス目立つかもいや今日もだって何回かミスってるしなほんとにうーんそれもやっぱむずいわミスな全くないライブも別にそういうタイプじゃないんじゃない?ドラムとベースがその達人なおかげで音が分厚くも聞こえるしこれ完璧?見えんだだってベースもドラムも完璧で即した曲自分でめっちゃ良い曲しかないわけじゃんでMCも面白いじゃんほんまで美女もリュークじゃんあかんなの?だから最高じゃない?美女だけ足りてない?死神やぞあいつだからこれ新しいしもう完璧僕はIZをやってて2,3年やっててバンド",29,0.1350789964199066,"['現実', 'おかげ']","[0.93888396, 0.028895156]"
13,./././Data/test_data/mid_presentation/ano\20240626\split_audio_1_3.wav,やっぱり本音で言うと本当にIZを結成する時にもともと僕バンドがやりたくてただいろんな意向でできなくてソロをやってでもやっぱどうしたんバンドがやりたいと正直自慢性にブチ切れたの僕は本当に絶対もう自腹で何でもいいんでもう関わんないんでいいんでインディーズでもいいんでバンドやりたいですって言ってでもそれでバンドを始めて3年ぐらい経つけどやっぱりバンドができてることはすごく幸せで嬉しいんですけど音とかこうしたいこうなりたいと理想を突き詰めていくとやっぱりそことの乖離理想と現実のあの差とかもどんどんどんどん出てくるパターンもあるしそこをやっぱりあの最初からできないってのは分かってたんだけどやっぱ3年経ってもやっぱり僕の理想まではやっぱ届かないもんねだからやっぱ音のこだわりとかそういうとこも突き詰めてこれしめ応援してますバンドのその音色とかアンサンブルがまだ理想じゃないんや合図って僕は理想にまだ行けなくてでもそれは自分の技量とかだったりメンバーとのコミュニケーションの分析とかもあるのでへえそうなんやあんまね語られてこなかったというかで事務所にブチ切れながら始めたとかで結局事務所とかやらしてもらえてないやろ自主レーベル自主レーベルですねあいづってそうやんなそうかそうかクリーンになってるとじゃあやっぱバンド同士もやりたいって思ってたのなんでのバンド好きだから音楽をゼロからバンドスタジオに入って作っていくってこともやってみたかったっていうもともとアイドルやっててそれはなかったから3人ぐらい3、4人いるとダメだねもう社交性ないからグループ自体もそれでダメなとこもあったからじゃあそのソロでやってるのにバックでまあ今もソロさドラムとギターおるやん性格的にはまあそうかもしれない性格はねやっぱりバスケ部もタイプしましたしあの陸上部ハードルだけはもう1位取ったりなんかもうそういうタイプなの個人競技すごい人,84,0.2203772366046905,"['バンド', 'リスペクト', 'ギャグ', 'エモい', 'インパクト', '手のひら']","[0.5270015, 0.14814378, 0.13958597, 0.114376046, 0.027045306, 0.012232824]"
14,./././Data/test_data/mid_presentation/ano\20240626\split_audio_1_3.wav,だからもうとにかくコミュニケーションができなくてちょっと泣いちゃうんですよコミュニケーションできないグループそうやなまあグループはむずいわちゃんとスタジオめちゃくちゃ入ってたやつやんいやいやそんな初めてやからライブはやらなあかんけどそうかグループ向いてないまあそんなこともないと思うねんけどなほんまはいやいや本当にコミュニケーションが嫌だから暗いなあでもスーパーフロントマンやからなあでもえっと3ピースがやりたかったんですかああそうやな3ピースがやりたかったなあの現まあそうやなその今の現代音楽みたいな流行ってるのが結構やっぱ音数多いのが俺もめっちゃ好きやねんでもそれアンチじゃないけどなんかボカロとか今までやっぱ一杯作ってきてたから意外だったかもああほんま,75,0.2908053398132324,"['マイク', 'ほんま', 'バイバイ', '真っ赤']","[0.57284033, 0.28736147, 0.06353818, 0.014254347]"
15,./././Data/test_data/mid_presentation/ano\20240626\split_audio_1_3.wav,3ピースでいや4人でギターを入れてもいい説もあんねんけど俺が歌に専念してみたいなしばらくは、ギター弾きながらにしようかなって練習してやっぱあのちゃんもギター持っておいて欲しいしなうん、ギターねあのグレッチのやつSGとグレッチ使ってますえ、なに金のギター?なんか高いらしいねあれ高い?あれ150万円すんねやば、それをライブで使ってんだいやいやなんかロケでフェンダーの原宿の行って、お店で普通にその高級ギター売り場みたいなの見せてもらってでその時にはな、もうアルバムを作るとか決定しててギターな、どうしようかなと思ってた時やったからちょうどで買った理由は一目惚れかな、音とかじゃなくて数千何百万出すのすごいね、お金まずみんなに返した方がいいよ時計もだってなんだっけあれ、いくらだっけ?いやー、あれ800万円の時計やばすぎる、800万円の腕時計ライブ中つけんな今ホテルに置いてある日本放送の人間なんかな手癖悪いやつしかおらんねんからいやいや、あれも800万円の時計、これもロケで買ってえ、お金どうしてんのマジでって800万はどこにあるの?返さないのみんなにお金吉本さんとかに吉本はでも毎月定期的に返してるでもさ、お金なくなってわーみたいなのやってない?それは?その時はお金ないの?で、また稼いで、じゃあ800万できたからお時計買ったってこと?いや、借りてギャンブルしてなくなってわーってなってあの800万も借りて、で、時計買った時計買うって言ったらすぐ貸してくれた全然大丈夫キンキラうん、このTシャツのね、文字も金であー、なるほどね、その、そのTシャツは誰が変えたの?え、このTシャツのイカしたイメージ?このイカしたデザイン?そのダザインダザイン?おさむみたいなダザインおさむみたいなような、あ、俺ですけどスターライト、アイデンコーズ、アンドコーズあー、英語にしてんのね制裁と大義のアリアの映画、俺が書きました制裁と大義のアリアってすごいタイトルだよね、それにしても好きだ、全部ソウルのタイトルがゲームみたい、チューニングそうそうそう、東宝プロジェクトがあんねん俺の好きなカルチャーのいや、僕タイムトラベルマシンガン手伝ったのマシンガン、曲マジ、これめちゃくちゃかっこいいこの曲名付いてないときに、その、何?マスタリングしたやつを聞いてもらってどんなんがいいかな、曲名みたいな相談してこんなんないけど、軸を超えてる感じ時間軸が歌詞に結構出るから、それ系は入れたらいいんじゃないかってあとサビで、マシンガンをぶっぱなしてるみたいながイメージできたそう、マシンガン撃ちまくってるイメージでイメージがあった、曲聴いてそういうの入れたなって言われたから、タイムトラベルマシンガンにしましたあ、ほんま?いや、ほんとにいいねどっちもね、本気でやってるのがやっぱ、届くっていうあー、それはちょっと今日思ったな好きだからやる好きだからやるよそうそうそう、キモい人が周りに多いから今、えぐいんちゃう、周りもう、何言ってもネットニュース宮迫さん、ごめんなさい宮迫さんに言ってないものまで、それに考え付けられたりしてるから,43,0.203944057226181,"['いくら', 'アルバム', 'ロケ', '万円', 'ジム']","[0.684281, 0.13126335, 0.12665969, 0.022745622, 0.014727713]"
16,./././Data/test_data/mid_presentation/ano\20240626\split_audio_2_1.wav,何回も我慢したでミネタカズノブあれあれカズノブって言うんやあの人ミネタさん,58,0.2582062482833862,"['何回', '店内']","[0.8521923, 0.07427281]"
17,./././Data/test_data/mid_presentation/ano\20240626\split_audio_2_1.wav,ミネタの知らないまま知ってるやつもおらんラジオ知ってますラジオネーム真っ赤のミサンガさん一緒に曲を作ったりなど考えてますかまた曲を作るならどういう曲を作りたいですか一緒に曲ソシナが作った曲をほんま新曲のタイミングって何かのタイミングでやってもらえな一緒に本当にソシナの曲ボカロゲの曲も全部好き歌える曲何曲かある埋めるあおりうんいいねいや音楽なんかまだ話してって感じだっぽいよだからうんいやちょっとほんまにあのー熱いね空調下げてくださいここどここれほんまになあエグいな本当に会議室じゃんブリーゼブリーゼって知ってるこの建物あの大阪でめっちゃ有名な綺麗ななんか商業施設みたいななんか下雑貨屋もあれば服屋ブランドあるし飯屋もレストランもあって33階になんか展望レストランみたいなでえー芸人が営業で来た時とかもめっちゃなんかすごい高級感溢れるすすごい何やろな先進的な建物やねここブリーゼブリーゼにこんなとこあんねんやここですブリーゼブリーゼは日本をその関西支社ここにあるんすねスタジオちゃうがなここ気持ち悪うしろね俺の後ろこんな絵飾ってさ今日ほんまにこの何やろライブもやってでめっちゃ良くて何それでいいよ過小評価をかかる過小評価されとんなこいつ世間からのこう何注目度も関心も歌もいいって言ってもらうやろしバラエティ出たら面白いって言ってもらうので言うてもそのアンチがおってとかまあバカにされることも多いって割合で言うとやっぱいい方が多いや9位1位ぐらいちゃうかなんか番組終わり英語指しての反応,33,0.1395360976457595,"['アニメ', 'ブランド', 'レストラン', '建物']","[0.5274791, 0.25423262, 0.1381599, 0.031653658]"
18,./././Data/test_data/mid_presentation/ano\20240626\split_audio_2_1.wav,9割が褒める1割があかんみたいなそれでも過小評価やな皆さんが今見てるあのちゃんってね俺が仲いいから知ってんねんマウントっていう話じゃなくてって評価するだけじゃなくてそれこそ音楽の話は音楽の話じゃあ声優業の話は何声優経験がないのにデデデデのあそこの演技はすごいよかったってもっと声優が言うべきやろあれ音楽のことももっと音楽すごい人がもっとあのちゃんの音楽のことを一般の人に咀嚼して伝えなあかんそうだから過小評価やねん俺が言えんのはやっぱお笑いの部分とかまあちょくちょくいろんな媒体でも言ってるけどまあトークもできるしツッコミもできるしみたいな,69,0.472368448972702,"['音楽', '映画', 'ドラマ', 'ジャム', '単独ライブ', 'お芝居']","[0.53273714, 0.25473332, 0.12845518, 0.03811496, 0.013451781, 0.012876006]"
19,./././Data/test_data/mid_presentation/ano\20240626\split_audio_2_1.wav,それ各業界のやつもっと言えよってでも点差言われへんねんあんまりカリスマはねあんまり言われないんですよ嫉妬の対象やからだから過小評価にとどまってしまうんですがファンの人には今声大きいのよ何言っても俺の言うことってもうほんま日に日に何言ってもネットニュースなるし毎日LINEニュースの上俺の嫌な顔出てくるしYouTube毎日更新してこの間なんか自己紹介ギャグみたいなんでどうも神田博さんおもんない粗品ですみたいなそれがまた素子な冒頭でいきなり大御所ディスみたいなエグもうエグいとこまで来てんねん俺の声今大きいねんこの大きい声俺はあのの魅力を伝えるのに使いたい今日は大好きじゃん僕のこと悪口人の悪口とかこの俺の声の大きさを世間が理解をしてる風でなんかまあ叩きも褒めも全部含めだけどそれはまあ全然僕のことは理解してないと思うまあ叩きはまだ分かってないけどそう全然俺のこと知らんのに叩きやがっては普通なんですけどなあいや違うそういう言われ方で褒められるの一番ムカつくねんもあるやろしなんかなんやろなその結構我慢するタイプやんあんねんポーカーでもなその最後2人に残ってな全員が降りていって2人の勝負になった時に手札を見せ合うねん2人なそれでどっちが強い役かって勝負すんねんけどそん時にちょっとさっきめくってって言うやつおんねん自分の手札からこう出すやろで向こうになんかそれが醍醐味でもあんねんポーカーのうんそれをやらんタイプやろなーっていう向こうにさっきめくらさんやろなんかわからんじゃんでそろばんやってる女タレントがおってそろばんやってたんやすげーなーうわーそろばんやってたこいつはすごいぞえ何年やってた2年やってました2年すごいなーってなってるときにあのは実はそろばん4年やってても言いませんよそれが伝わらんねんだからアホばっかり伝わって評価されていくからだから俺みたいな声でかい代弁者がいるんですよあははねえ自分でも言わんタイプやろあー自分でも言わんタイプやからこれは一生伝わらんかったことかもしれんけどそれが各分野にあるのがすごいな音楽でもそうやしバラエティの立ち回りもそうタレントとしてもすごいしお芝居もすごいな声優もすごいっていう各ジャンルもっと言われてもいいわなあのの周りの痛いやつらばっかり褒められてるわあーそういやそうだろもっともっと課題評価課題評価されるべきやんーまあだからそこがねやっぱあのちゃんのベールの部分なんですよねだからほんまもうちょっとしたら何でもこう面白く自虐でラジオでも喋ったりするやんいや痛いってたまに言われるけどねやっぱいやその損してんなあ今あーそれはそうかもなあどうかなあまあだから定期的に俺とかまあ俺じゃなくても誰でもええねんけど,70,0.1381325274705886,"['印象', 'タイプ', 'お笑い', 'ツッコミ', '最強', '才能', '一般', 'カリスマ', '自己紹介', 'いとこ']","[0.38134155, 0.24282528, 0.0963537, 0.085785374, 0.04414414, 0.026508207, 0.024949595, 0.022712518, 0.021235306, 0.016278872]"
20,./././Data/test_data/mid_presentation/ano\20240626\split_audio_2_1.wav,まあでもなちょっとやっぱビビってんねんなみんなその才能にえちょっと僕そんな才能ないよ音楽のライブの後やからあれやけど音楽やっぱ素晴らしかったよ嬉しいよ音楽ねやっぱむずいね音楽がその僕のやっぱ届かないなんかあのむなしさとかはやっぱそこもあるもんだ届かない届くべき人のとこに届いてほしいけど届くべき人のとこに届かないというかライブを見に来た人にはライブに来た人にはやっぱいやなんかだからあのちゃんもほんまいろいろ言われると思うけどそれあのキモいとかさあのそんなんどうでもええぐらい音楽やってんのが輝いてたな今日音楽家としてのあのはやっぱ一番に押していかなあかんなねえいつかカンジャムカンジャムで僕も褒められたいですそういうことやでカンジャムで褒められるべき音楽性を持ってる人間なのにカンジャムは呼ばへんいやでもねもうホントだからアーティスト面すんなってめっちゃ言われるから一応ツアーも毎年も何カ所も何カ所もやってあのバラエティとかやりながら音楽も作ったりさ作詞も全部してんですけどやっぱ言われんねえお前がアーティストとなすんなってそれやっぱムカつくんいやムカつくってムカつかないああまあそうかそう見えるよねまあ確かにあの音楽一本でやってる人よりそれこそ何名なんじゃないけど一本やってる人よりかはまあバラエティ出てるから音楽は音楽は手抜いてるんだろうなって見え方するってのは客観視できてるまあ事実アンケート取ったら確実にアーティストって認められるような活動はしてんねんけどアーティスト面すんなって言うやつはおるからな俺もだって何やろ芸人ちゃうやんとか言われるからな毎月新ネタの単独ライブやって劇場でも漫才立ちまくってるにもかかわらずいやいや芸人ちゃうやんけ最近またムカつくようになっていちいちムカつくようにしてんねん今一個一個全部何言うとんねんこいつって思うようにしてそれをそういう積み返すためにお笑い頑張ろうとかは思わずまあまあ全員殺すかみたいな感じのマインドになっててアーティスト面すんなとか言われるやろうけどめっまあまあライブライブ見たら一発でわかるけどそのあののライブ見に来たらアーティストやなってわかるけどテレビのな音楽番組でもわかんねんけどなMステもよかったからなめっちゃあとデデデデのやつもテレビで見てたけど素晴らしいでまだレコーダー悔しいやろ?うん嬉しいわ素晴らしいでまだレコーダー悔しいやろ?めちゃくちゃアーティストやで俺を見に来たファンの人に見せつけてる感じがめっちゃスッキリした僕もその気持ちもあったしいや最高やった鼻高かったよありがとう大好きだね僕のことなんか締めようとしてんのいや違う曲選んでくれたんでしょあいずの曲を選んでもらったのですしのさんからお願いしますじゃああいずでハッピーエンドロールいく度も向き合った孤独と劣等感に子供の頃空を見上げて夢見たものなんて現実を突きつけられるだけで見なきゃよかった夢消える足生き様だけはロケットの中に突っ込んで後悔の続きを今でも探しているハッピーエンドに振り落とされても手を伸ばすのさハッピーエンドにどうか一緒に落ちてくれませんかハッピーエンドに振り落とされても手を伸ばすのさハッピーエンドにどうか一緒に落ちてくれませんか地球を蹴っ飛ばしたんだ神様になったら僕らどこだって行けるかな神様になるんだやらないとやったら運命だろ二人で聴いたあのバンドの曲あの時君が魂売ったこと猫がいっぱいで死んだことレストカットのめられてたわいがる当日を押してファースト流して涙さえもしょうもなくて最終回エンドロールには君の名前を刻もうハッピーエンドに振り落とされてもハッピーエンドにどうか抜刀エンドに振り回されてもハッピーエンドにどうかダンク!ハッピーエンドに,69,0.3295409381389618,"['音楽', '映画', 'ドラマ', 'ジャム', '単独ライブ', 'お芝居']","[0.53273714, 0.25473332, 0.12845518, 0.03811496, 0.013451781, 0.012876006]"
21,./././Data/test_data/mid_presentation/ano\20240626\split_audio_3_1.wav,アナのオールナイトニッポンゼロシモフリは毎年出るのがもう決まっちゃってるんじゃない?去年スシナは黄色いダイヤが回転してるやつツインダイヤツインダイヤ行ってそれ突破したのねドラゴングライダーでやられたツインダイヤの前か僕はその前のフィッシュボーンでタイムオーバーなのよドラミアンちゃんマジでないの!タイムオーバーで終わってくれムズイよ運動神経いいもんな運動神経もいいんですよこれアスリート界隈がな,7,0.4355605840682983,"['プロ', '目標', 'モノマネ', '界隈', '運動神経']","[0.41199777, 0.3473668, 0.12596597, 0.038317464, 0.024864633]"
22,./././Data/test_data/mid_presentation/ano\20240626\split_audio_3_1.wav,あの人の運動神経すごいみたいなアスリート界隈は言わないってこと?あのフィッシュボーン行ったぐらいでアスリートってこんなポジションもアスリートタレントとかそうかもね違うプロのアスリートが吉田沙織とかもっと言わなあかん嫉妬の対象じゃないからラジオネーム群馬のダモーさんすしなさんここでライブしたいって箱ありますか?マジでライブハウスもっと狭いとこでもやりたいですほんまに狭いとこも似合う,7,0.2759024798870086,"['プロ', '目標', 'モノマネ', '界隈', '運動神経']","[0.41199777, 0.3473668, 0.12596597, 0.038317464, 0.024864633]"
23,./././Data/test_data/mid_presentation/ano\20240626\split_audio_3_1.wav,大きいとこも見たいと思ったそうね大きいとこもZEPPツアーとかなZEPPとか全然できない目標じゃないですかやっぱり武道館とかはベタですけど武道館はチンチロチンチロで立ってるもんねチンチロやなえ、それだからバンドでは立ちたくないの?チンチロでチンチロで立つやついねえもん武道館もでも狭い箱でやりたいとこと一緒の感じかないろんなとこでやりたいとこラジオネーム沼袋さん沼袋やんけライブ直後とはいえそんなお二人がアーティストとして叶えた今今後の野望を教えてほしいです聞かしてよ野望野望?え、アーティストとしてあー野望ねえ芸人がやってる音楽って言われなくなるのがまずは野望やな音楽で全員に言われるのが野望よこれマジでホント今日思ったけどあ、ホンマ?おーマジかマジでそれがどうでもいいっていうかその未来が見えたホンマ野望に向かって頑張るよ貴様は?ライブのなんかライブとかの演出とか世界観とかもっともっとなんかその毎回コンセプト変えたりとかねそういうレベルですけどあのちゃんは今YouTubeの編集も自分でやってるんですよこれねセルフプロデュースをしてもらいましょうあのちゃんにあのプロデュースあのソロ公演演出照明とか音響とかもう全部考えて演出考えたやつをやろう舞台をあーほんまライブもそういうあと海外もいいぞーいや俺アイズ見て海外いいなって思ったよ海外からオファーとかねすごいフェスとかオファーあそうなんやだから自己評価もあれなんだけど出れるには僕はもうそんなのに出れるレベルじゃないですって断ってる嘘やんうーんやっぱりもうねだって日本でこの状況だからもう既に日本に来てからっていういや十分十分やけどな通用するか全開だったらいつか野望としては海外とかでもガンガンやりたいですいいねガンガンやろういやほんまに全く全く的外れなあの捉えられ方してるから全く的外れな捉えられ方しかしてないから僕とあの最後今日こんなセコくない有名人おらんねんからセコい奴ばっかりは言い紛れのほうがいいなあなんでもう最後に全部あいつはアンアン言って売れてなあバラエティ出て司会者と寝て行ってみたいないやだからこんなセコくない有名人おらんねんから俺の周りにも山ほどおるちっちゃいセコさもあるでちっちゃいセコさも全部数えたりも山ほどおるけどで一般人も関係者の皆様よく聞いてくださいよ騙せると思うなよあの全部わかってるぞこいつはあーこいつのことななめるなよあんまり一般人も関係者も賢いからなこいつはラストメッセージはいじゃあもう最後の曲何最後の曲ってはいはい最後の曲ここで一曲そしのれチューブラリー,38,0.1374550312757492,"['皆さん', 'ハッシュタグ', 'フロア', 'バズ']","[0.79655814, 0.083206855, 0.05772135, 0.04263544]"
24,./././Data/test_data/mid_presentation/ano\20240703\split_audio_3_1.wav,完全に不卑怯フヒヒヒみたいなマジでやばい是非写真もねついてるのでいやいいライブだったんで地域を混ざんなレッドポープフェスにじゃがまがありましてではこないだロンハースポーツテストがオンエアになりましたこれロンハースポーツテスト恒例じゃないだって熊田洋子さんとかがもう15年前くらいのことも女性芸能人が集まって,89,0.203866496682167,"['歌詞', 'MC', '残り', '本人', '芸能人', 'ソロ', '恒例', '音楽番組']","[0.32856312, 0.21588796, 0.1813563, 0.08541824, 0.06318783, 0.04913883, 0.048738014, 0.013858581]"
25,./././Data/test_data/mid_presentation/ano\20240703\split_audio_3_1.wav,陸上競技場のマウンドとかでこう陸上競技を競ったり記録を伸ばすこれはまあ僕2年前に1回出ててスケジューラーがそれこそライブとかちょっとどんかぶりで出れなかったんですけど2年ぶりに出ましたでこの日朝早くていつもロンハーのこのスポーツテスト早くて寝る時間なのね家出んのが寝ない状態ででまあご飯も数日食べれなくてその期間でももう最悪コンディションでパジャマ着ていきましたねこの日はバスかなんかでなんかいやバスバス僕初めてバスで行ったのロンハーの前回は車とかで行ったんですけど自車とかでなんかの都合でバスでしか行けなくて今回金太郎さんがどすっぴんだから本当僕誰かわかんなくてまじがんむししてがんむしいるなって思いながらがんむしして超下向いてそしたら隣のあの通路挟んで隣のとこ座ってたから寝れないの僕バスの中でで寝れずにもう最悪コンディションで行きましたね着いてすぐまあスタッフさんとかいたりあとカジさんあのプロデューサーのカジさんが僕パジャマの姿だからそれ頭いいね早いしねなんかパジャマ刺さってたねアメトークでパジャマ芸人なんかまあ普通にローカルでそういうのやっててで楽屋が,26,0.2433573603630066,"['都合', 'バス', '太郎', '生き物']","[0.33133373, 0.25290373, 0.24361287, 0.07868157]"
26,./././Data/test_data/mid_presentation/ano\20240703\split_audio_3_1.wav,あのローハンスポーツですとは大部屋というか結構女性タレントまあフワというね迷惑系ユーチューバーが私服からね体操着に着替えるからちょうどこの乳首丸出し状態なのよフワが乳首と目がフワじゃなくて乳首と完全にもう行使乳首と目合って眼見しながら自分の席まで朝からフワの乳首とでもフワもフワちゃんもみたいな感じで乳首しまっていやもうこの2人この大会の後のライバルになるんですけど朝からもうめっちゃインパクトあってこの廊下でまた熊田陽子さんとすれ違って熊田陽子さんもこないだ関根つたまさんのライブ行ったら,80,0.3776774406433105,"['関係者', '野菜', '一般人', 'ポジション', 'ライバル', '焼肉屋', 'フワちゃん', 'タン']","[0.37325594, 0.33012626, 0.046059646, 0.045416057, 0.04407434, 0.03698967, 0.03688016, 0.01821883]"
27,./././Data/test_data/mid_presentation/ano\20240703\split_audio_3_1.wav,あのちゃんのモノマネしてたよっていうね情報で情報でそうでも初っ端から50m走いつまで50m走かやってたんですけど計6レーサーの出演者分6レーサーあってでその1位その6レーサーの中の1位の人をとあと2位の人から1人で最後のあの決勝が僕は4レース目に走るってことでニコルちゃんと2年前のニコルちゃんとあと150mで一緒だったからニコルちゃんもいてあと福田真希さんもいたりとかあと僕の隣にドシンドシンって熊本プロレスさん紅生姜の聖夜の花食べの熊本プロレスさん本当に面白かったな紅生姜さんその日以来めっちゃドハマリしてる僕紅生姜さんでまあその4人で4レース目は結構ぶっちぎりで1位でした良かったんですけどで決勝決勝が5、6人いたのかな優勝候補のみちょぱさんとかまああとフワちゃんが前回1位になってるのかなそこら辺も優勝候補がいる中やりましてでこれが惜しくも2位ですね同じ7秒台だけどまあ僅差でフワちゃんが1位で僕破れるみたいな感じでもまあ個人的には2年前3位だったの,98,0.1612082868814468,"['スタジオ', '運命', '神様', 'プロレス']","[0.7913753, 0.06959579, 0.05605588, 0.05277253]"
28,./././Data/test_data/mid_presentation/ano\20240703\split_audio_3_1.wav,決勝だからめっちゃ嬉しかった2位がしかもスタートが感覚的に遅れた気がなりながら最後スピード上げて2位までさっきみちょぱが目先にいたぐらいから2位まで行けたからリンボーリンボーっていう棒下思った通りダメでした背筋系結構きついんだよなリンボーをやる場所そこに今MC人りよしさんとあつしさんとふじもんさんがいてカメラマンがカメラめっちゃ多いのよあのロンハーってカメラバーってやってスタッフさんもブワーってタレント側待機側はてか特にリンボーは全然見えなかったの死語タレント側の死語が多すぎるっていう,34,0.1355092674493789,"['場所', 'カメラ']","[0.7908804, 0.18536389]"
29,./././Data/test_data/mid_presentation/ano\20240703\split_audio_3_1.wav,めっちゃ死語多くて誰もリンボー見てない時間あったのぺちゃぺちゃあっちこっちも聞こえないからなんとかかとかってなんとかどなーとかりよしさんにも言われてそうだから誰もリンボー見ないで洋キャラっていうか結構テンション高めのメンツだからさ基本的に死語別にする人もいないというかそのタイミングもただなんかのぶこさんパーティーちゃんののぶこさんとゆうちゃみさんとふわちゃんがもうずっとわけわけピアス開けたくねーみたいなギャルすぎるピアス開けたくねーとか言ってなんか僕の耳とかも,36,0.336433082818985,"['ギャル', '高め', 'リボン', 'ピアス']","[0.66423434, 0.18605903, 0.05405339, 0.03840672]"
